Arrival,Idling Time,Inspection Duration,,Inspection Duration,Frequency,Relatve Frequency,Cumulative Frequency,Cumulative Relative Frequency
1,4,4,,3,7,0.14,7,0.14
2,24,3,,4,12,0.24,19,0.38
3,11,7,,5,3,0.6,22,0.44
4,7,6,,6,10,0.2,32,0.64
5,1,6,,7,6,0.12,38,0.76
6,1,5,,8,5,0.1,43,0.86
7,1,4,,9,5,0.1,48,0.96
8,16,4,,10,2,0.04,50,1
9,7,9,,,,,,
10,10,3,,MEAN:  5.82,,,,
11,1,3,,?: 2.09654721,,,,
12,28,4,,2?: 4.19309442,,,,
13,14,6,,3?: 6.28964163,,,,
14,2,6,,,,,,
15,2,3,,,,,,
16,2,6,,,,,,
17,3,9,,,,,,
18,6,6,,,,,,
19,5,10,,,,,,
20,3,7,,,,,,
21,8,3,,,,,,
22,1,5,,,,,,
23,3,9,,,,,,
24,4,8,,,,,,
25,5,7,,,,,,
26,12,5,,,,,,
27,2,6,,,,,,
28,67,8,,,,,,
29,1,4,,,,,,
30,7,4,,,,,,
31,1,9,,,,,,
32,1,4,,,,,,
33,1,8,,,,,,
34,24,8,,,,,,
35,27,7,,,,,,
36,13,3,,,,,,
37,3,10,,,,,,
38,1,4,,,,,,
39,9,9,,,,,,
40,5,4,,,,,,
41,1,7,,,,,,
42,5,8,,,,,,
43,1,6,,,,,,
44,19,4,,,,,,
45,2,3,,,,,,
46,9,6,,,,,,
47,3,7,,,,,,
48,6,4,,,,,,
49,6,6,,,,,,
50,2,4,,,,,,
